Student_ID,Name,Age,Gender,Math,Science,English,Attendance,percentage,Grade
101,Priya,21,F,85,90,88,92,87.66666666666667,B
102,Rahul,22,M,78,82,80,85,80.0,B
103,Ananya,20,F,92,95,90,96,92.33333333333333,A
104,Vikram,23,M,65,70,68,75,67.66666666666667,D
105,Neha,21,F,88,85,91,89,88.0,B
106,Karan,22,M,72,76,74,80,74.0,C
107,Meera,20,F,95,98,97,99,96.66666666666667,A
108,Arjun,21,M,60,65,62,70,62.333333333333336,D
109,Sneha,22,F,84,88,86,90,86.0,B
110,Rohit,23,M,75,79,77,82,77.0,C
